idx	Score
13999	Negative
14000	Negative
14001	Negative
14002	Positive
14003	Positive
14004	Negative
14005	Positive
14006	Positive
14007	Negative
14008	Positive
14009	Negative
14010	Positive
14011	Positive
14012	Negative
14013	Positive
14014	Positive
14015	Positive
14016	Negative
14017	Positive
14018	Positive
14019	Positive
14020	Positive
14021	Positive
14022	Negative
14023	Positive
14024	Positive
14025	Positive
14026	Negative
14027	Positive
14028	Positive
14029	Positive
14030	Positive
14031	Positive
14032	Positive
14033	Negative
14034	Positive
14035	Negative
14036	Negative
14037	Positive
14038	Positive
14039	Negative
14040	Positive
14041	Positive
14042	Negative
14043	Positive
14044	Negative
14045	Positive
14046	Positive
14047	Positive
14048	Positive
14049	Negative
14050	Negative
14051	Negative
14052	Negative
14053	Negative
14054	Negative
14055	Negative
14056	Positive
14057	Negative
14058	Negative
14059	Positive
14060	Positive
14061	Negative
14062	Negative
14063	Positive
14064	Positive
14065	Positive
14066	Positive
14067	Negative
14068	Positive
14069	Positive
14070	Positive
14071	Positive
14072	Negative
14073	Negative
14074	Positive
14075	Positive
14076	Negative
14077	Positive
14078	Positive
14079	Positive
14080	Negative
14081	Positive
14082	Positive
14083	Negative
14084	Positive
14085	Positive
14086	Negative
14087	Positive
14088	Positive
14089	Positive
14090	Positive
14091	Positive
14092	Negative
14093	Negative
14094	Negative
14095	Negative
14096	Positive
14097	Positive
14098	Negative
14099	Negative
14100	Negative
14101	Positive
14102	Negative
14103	Positive
14104	Negative
14105	Positive
14106	Negative
14107	Negative
14108	Positive
14109	Negative
14110	Positive
14111	Negative
14112	Positive
14113	Negative
14114	Positive
14115	Positive
14116	Positive
14117	Negative
14118	Negative
14119	Positive
14120	Positive
14121	Negative
14122	Positive
14123	Negative
14124	Positive
14125	Positive
14126	Positive
14127	Negative
14128	Negative
14129	Negative
14130	Positive
14131	Negative
14132	Positive
14133	Positive
14134	Positive
14135	Negative
14136	Negative
14137	Positive
14138	Positive
14139	Negative
14140	Negative
14141	Negative
14142	Positive
14143	Negative
14144	Negative
14145	Positive
14146	Negative
14147	Positive
14148	Positive
14149	Negative
14150	Positive
14151	Positive
14152	Positive
14153	Positive
14154	Positive
14155	Positive
14156	Negative
14157	Negative
14158	Negative
14159	Negative
14160	Positive
14161	Negative
14162	Negative
14163	Positive
14164	Positive
14165	Positive
14166	Negative
14167	Positive
14168	Positive
14169	Negative
14170	Negative
14171	Negative
14172	Negative
14173	Negative
14174	Negative
14175	Positive
14176	Negative
14177	Negative
14178	Positive
14179	Positive
14180	Negative
14181	Negative
14182	Positive
14183	Negative
14184	Positive
14185	Positive
14186	Positive
14187	Positive
14188	Positive
14189	Negative
14190	Negative
14191	Positive
14192	Positive
14193	Negative
14194	Negative
14195	Negative
14196	Negative
14197	Negative
14198	Negative
14199	Positive
14200	Positive
14201	Negative
14202	Negative
14203	Negative
14204	Positive
14205	Positive
14206	Negative
14207	Positive
14208	Negative
14209	Negative
14210	Negative
14211	Negative
14212	Negative
14213	Positive
14214	Positive
14215	Positive
14216	Positive
14217	Negative
14218	Positive
14219	Positive
14220	Positive
14221	Negative
14222	Positive
14223	Negative
14224	Positive
14225	Negative
14226	Negative
14227	Positive
14228	Positive
14229	Positive
14230	Positive
14231	Negative
14232	Positive
14233	Positive
14234	Positive
14235	Positive
14236	Negative
14237	Positive
14238	Positive
14239	Positive
14240	Positive
14241	Positive
14242	Negative
14243	Negative
14244	Negative
14245	Positive
14246	Positive
14247	Negative
14248	Positive
14249	Positive
14250	Positive
14251	Positive
14252	Negative
14253	Positive
14254	Positive
14255	Negative
14256	Negative
14257	Positive
14258	Positive
14259	Positive
14260	Positive
14261	Positive
14262	Negative
14263	Positive
14264	Negative
14265	Positive
14266	Negative
14267	Negative
14268	Positive
14269	Positive
14270	Negative
14271	Negative
14272	Negative
14273	Negative
14274	Positive
14275	Negative
14276	Positive
14277	Negative
14278	Positive
14279	Negative
14280	Negative
14281	Positive
14282	Positive
14283	Positive
14284	Negative
14285	Negative
14286	Positive
14287	Negative
14288	Negative
14289	Negative
14290	Negative
14291	Positive
14292	Positive
14293	Positive
14294	Positive
14295	Negative
14296	Negative
14297	Positive
14298	Positive
14299	Negative
14300	Positive
14301	Positive
14302	Positive
14303	Negative
14304	Negative
14305	Negative
14306	Negative
14307	Positive
14308	Positive
14309	Positive
14310	Positive
14311	Positive
14312	Negative
14313	Negative
14314	Positive
14315	Positive
14316	Negative
14317	Positive
14318	Negative
14319	Positive
14320	Negative
14321	Positive
14322	Positive
14323	Negative
14324	Negative
14325	Negative
14326	Positive
14327	Positive
14328	Positive
14329	Negative
14330	Positive
14331	Positive
14332	Positive
14333	Negative
14334	Negative
14335	Positive
14336	Positive
14337	Positive
14338	Negative
14339	Negative
14340	Positive
14341	Positive
14342	Negative
14343	Negative
14344	Negative
14345	Positive
14346	Negative
14347	Positive
14348	Negative
14349	Negative
14350	Negative
14351	Positive
14352	Positive
14353	Negative
14354	Positive
14355	Positive
14356	Positive
14357	Negative
14358	Positive
14359	Negative
14360	Negative
14361	Negative
14362	Positive
14363	Negative
14364	Negative
14365	Positive
14366	Positive
14367	Negative
14368	Positive
14369	Negative
14370	Positive
14371	Negative
14372	Negative
14373	Negative
14374	Negative
14375	Positive
14376	Positive
14377	Negative
14378	Negative
14379	Positive
14380	Positive
14381	Positive
14382	Negative
14383	Negative
14384	Negative
14385	Positive
14386	Positive
14387	Positive
14388	Negative
14389	Positive
14390	Positive
14391	Negative
14392	Positive
14393	Positive
14394	Negative
14395	Positive
14396	Positive
14397	Positive
14398	Negative
14399	Positive
14400	Positive
14401	Positive
14402	Negative
14403	Negative
14404	Negative
14405	Positive
14406	Negative
14407	Negative
14408	Positive
14409	Negative
14410	Positive
14411	Negative
14412	Positive
14413	Negative
14414	Negative
14415	Negative
14416	Negative
14417	Positive
14418	Positive
14419	Positive
14420	Positive
14421	Negative
14422	Negative
14423	Negative
14424	Negative
14425	Positive
14426	Negative
14427	Negative
14428	Positive
14429	Positive
14430	Positive
14431	Negative
14432	Positive
14433	Negative
14434	Positive
14435	Negative
14436	Negative
14437	Negative
14438	Negative
14439	Positive
14440	Negative
14441	Positive
14442	Positive
14443	Negative
14444	Positive
14445	Positive
14446	Positive
14447	Positive
14448	Negative
14449	Negative
14450	Negative
14451	Positive
14452	Negative
14453	Positive
14454	Positive
14455	Negative
14456	Positive
14457	Negative
14458	Negative
14459	Positive
14460	Negative
14461	Positive
14462	Negative
14463	Negative
14464	Positive
14465	Positive
14466	Negative
14467	Positive
14468	Negative
14469	Positive
14470	Positive
14471	Positive
14472	Negative
14473	Negative
14474	Negative
14475	Negative
14476	Negative
14477	Negative
14478	Negative
14479	Negative
14480	Negative
14481	Positive
14482	Positive
14483	Negative
14484	Positive
14485	Positive
14486	Positive
14487	Negative
14488	Negative
14489	Negative
14490	Positive
14491	Negative
14492	Positive
14493	Positive
14494	Positive
14495	Negative
14496	Negative
14497	Negative
14498	Negative
14499	Negative
14500	Negative
14501	Negative
14502	Negative
14503	Positive
14504	Negative
14505	Negative
14506	Negative
14507	Negative
14508	Positive
14509	Negative
14510	Negative
14511	Negative
14512	Positive
14513	Negative
14514	Negative
14515	Negative
14516	Positive
14517	Positive
14518	Negative
14519	Negative
14520	Negative
14521	Negative
14522	Negative
14523	Negative
14524	Negative
14525	Negative
14526	Positive
14527	Negative
14528	Positive
14529	Positive
14530	Positive
14531	Negative
14532	Positive
14533	Negative
14534	Negative
14535	Negative
14536	Negative
14537	Positive
14538	Positive
14539	Positive
14540	Positive
14541	Negative
14542	Positive
14543	Positive
14544	Positive
14545	Negative
14546	Negative
14547	Negative
14548	Positive
14549	Positive
14550	Positive
14551	Negative
14552	Positive
14553	Negative
14554	Negative
14555	Negative
14556	Negative
14557	Negative
14558	Negative
14559	Negative
14560	Positive
14561	Negative
14562	Positive
14563	Positive
14564	Positive
14565	Negative
14566	Negative
14567	Negative
14568	Positive
14569	Positive
14570	Negative
14571	Positive
14572	Positive
14573	Negative
14574	Negative
14575	Negative
14576	Negative
14577	Negative
14578	Positive
14579	Negative
14580	Positive
14581	Negative
14582	Positive
14583	Negative
14584	Negative
14585	Positive
14586	Negative
14587	Positive
14588	Positive
14589	Negative
14590	Positive
14591	Positive
14592	Negative
14593	Positive
14594	Positive
14595	Positive
14596	Positive
14597	Negative
14598	Positive
14599	Negative
14600	Negative
14601	Negative
14602	Negative
14603	Positive
14604	Positive
14605	Negative
14606	Positive
14607	Negative
14608	Positive
14609	Negative
14610	Positive
14611	Negative
14612	Negative
14613	Negative
14614	Positive
14615	Positive
14616	Negative
14617	Positive
14618	Negative
14619	Negative
14620	Positive
14621	Positive
14622	Positive
14623	Negative
14624	Positive
14625	Negative
14626	Positive
14627	Positive
14628	Negative
14629	Negative
14630	Positive
14631	Negative
14632	Positive
14633	Negative
14634	Positive
14635	Negative
14636	Positive
14637	Negative
14638	Negative
14639	Negative
14640	Negative
14641	Positive
14642	Negative
14643	Positive
14644	Positive
14645	Negative
14646	Positive
14647	Positive
14648	Positive
14649	Negative
14650	Negative
14651	Positive
14652	Positive
14653	Positive
14654	Negative
14655	Positive
14656	Negative
14657	Positive
14658	Positive
14659	Negative
14660	Negative
14661	Negative
14662	Positive
14663	Positive
14664	Negative
14665	Negative
14666	Positive
14667	Negative
14668	Negative
14669	Negative
14670	Positive
14671	Negative
14672	Negative
14673	Positive
14674	Negative
14675	Positive
14676	Positive
14677	Positive
14678	Positive
14679	Positive
14680	Positive
14681	Positive
14682	Positive
14683	Positive
14684	Positive
14685	Positive
14686	Positive
14687	Positive
14688	Positive
14689	Negative
14690	Negative
14691	Negative
14692	Positive
14693	Positive
14694	Positive
14695	Negative
14696	Negative
14697	Negative
14698	Negative
14699	Positive
14700	Positive
14701	Positive
14702	Negative
14703	Negative
14704	Negative
14705	Negative
14706	Negative
14707	Negative
14708	Negative
14709	Positive
14710	Positive
14711	Negative
14712	Positive
14713	Positive
14714	Negative
14715	Negative
14716	Positive
14717	Negative
14718	Negative
14719	Positive
14720	Positive
14721	Positive
14722	Positive
14723	Positive
14724	Negative
14725	Positive
14726	Negative
14727	Negative
14728	Negative
14729	Negative
14730	Negative
14731	Negative
14732	Negative
14733	Negative
14734	Positive
14735	Positive
14736	Negative
14737	Positive
14738	Negative
14739	Positive
14740	Negative
14741	Negative
14742	Negative
14743	Negative
14744	Negative
14745	Positive
14746	Negative
14747	Positive
14748	Negative
14749	Negative
14750	Positive
14751	Positive
14752	Negative
14753	Positive
14754	Negative
14755	Negative
14756	Negative
14757	Negative
14758	Positive
14759	Negative
14760	Negative
14761	Negative
14762	Positive
14763	Positive
14764	Negative
14765	Negative
14766	Negative
14767	Positive
14768	Negative
14769	Negative
14770	Negative
14771	Negative
14772	Negative
14773	Positive
14774	Negative
14775	Positive
14776	Negative
14777	Positive
14778	Positive
14779	Positive
14780	Negative
14781	Positive
14782	Negative
14783	Negative
14784	Negative
14785	Negative
14786	Positive
14787	Negative
14788	Negative
14789	Negative
14790	Positive
14791	Negative
14792	Positive
14793	Negative
14794	Negative
14795	Positive
14796	Positive
14797	Positive
14798	Positive
14799	Negative
14800	Positive
14801	Negative
14802	Negative
14803	Negative
14804	Positive
14805	Negative
14806	Positive
14807	Negative
14808	Negative
14809	Negative
14810	Positive
14811	Positive
14812	Positive
14813	Negative
14814	Negative
14815	Positive
14816	Positive
14817	Positive
14818	Negative
14819	Positive
14820	Positive
14821	Negative
14822	Negative
14823	Positive
14824	Positive
14825	Negative
14826	Negative
14827	Negative
14828	Negative
14829	Negative
14830	Positive
14831	Positive
14832	Negative
14833	Positive
14834	Negative
14835	Positive
14836	Positive
14837	Negative
14838	Positive
14839	Negative
14840	Positive
14841	Positive
14842	Positive
14843	Positive
14844	Negative
14845	Positive
14846	Positive
14847	Positive
14848	Positive
14849	Negative
14850	Positive
14851	Negative
14852	Negative
14853	Positive
14854	Negative
14855	Negative
14856	Positive
14857	Positive
14858	Negative
14859	Negative
14860	Negative
14861	Negative
14862	Negative
14863	Positive
14864	Positive
14865	Negative
14866	Negative
14867	Positive
14868	Negative
14869	Negative
14870	Positive
14871	Negative
14872	Negative
14873	Positive
14874	Negative
14875	Negative
14876	Negative
14877	Positive
14878	Negative
14879	Negative
14880	Negative
14881	Negative
14882	Negative
14883	Positive
14884	Negative
14885	Negative
14886	Negative
14887	Negative
14888	Negative
14889	Negative
14890	Negative
14891	Negative
14892	Positive
14893	Positive
14894	Negative
14895	Negative
14896	Negative
14897	Positive
14898	Negative
14899	Positive
14900	Negative
14901	Positive
14902	Negative
14903	Positive
14904	Positive
14905	Positive
14906	Negative
14907	Positive
14908	Negative
14909	Positive
14910	Positive
14911	Negative
14912	Positive
14913	Negative
14914	Negative
14915	Negative
14916	Positive
14917	Negative
14918	Negative
14919	Positive
14920	Positive
14921	Positive
14922	Positive
14923	Positive
14924	Negative
14925	Positive
14926	Negative
14927	Negative
14928	Negative
14929	Negative
14930	Negative
14931	Positive
14932	Positive
14933	Positive
14934	Negative
14935	Positive
14936	Positive
14937	Negative
14938	Positive
14939	Positive
14940	Negative
14941	Positive
14942	Positive
14943	Positive
14944	Positive
14945	Positive
14946	Negative
14947	Negative
14948	Positive
14949	Positive
14950	Positive
14951	Negative
14952	Positive
14953	Positive
14954	Positive
14955	Positive
14956	Positive
14957	Negative
14958	Negative
14959	Negative
14960	Negative
14961	Positive
14962	Positive
14963	Positive
14964	Negative
14965	Positive
14966	Positive
14967	Positive
14968	Positive
14969	Positive
14970	Positive
14971	Negative
14972	Negative
14973	Negative
14974	Negative
14975	Positive
14976	Negative
14977	Negative
14978	Negative
14979	Negative
14980	Negative
14981	Negative
14982	Positive
14983	Positive
14984	Negative
14985	Negative
14986	Positive
14987	Negative
14988	Positive
14989	Positive
14990	Positive
14991	Positive
14992	Positive
14993	Positive
14994	Positive
14995	Negative
14996	Positive
14997	Negative
14998	Positive
14999	Positive
15000	Negative
15001	Positive
15002	Positive
15003	Positive
15004	Positive
15005	Negative
15006	Negative
15007	Positive
15008	Positive
15009	Positive
15010	Positive
15011	Negative
15012	Negative
15013	Negative
15014	Negative
15015	Negative
15016	Negative
15017	Negative
15018	Negative
15019	Negative
15020	Positive
15021	Negative
15022	Negative
15023	Positive
15024	Negative
15025	Negative
15026	Negative
15027	Positive
15028	Positive
15029	Negative
15030	Positive
15031	Negative
15032	Positive
15033	Positive
15034	Negative
15035	Positive
15036	Negative
15037	Negative
15038	Positive
15039	Positive
15040	Positive
15041	Positive
15042	Positive
15043	Positive
15044	Positive
15045	Negative
15046	Positive
15047	Positive
15048	Positive
15049	Negative
15050	Negative
15051	Positive
15052	Negative
15053	Positive
15054	Negative
15055	Negative
15056	Positive
15057	Positive
15058	Positive
15059	Positive
15060	Negative
15061	Negative
15062	Negative
15063	Negative
15064	Positive
15065	Negative
15066	Negative
15067	Negative
15068	Negative
15069	Positive
15070	Negative
15071	Positive
15072	Positive
15073	Positive
15074	Negative
15075	Negative
15076	Positive
15077	Positive
15078	Negative
15079	Negative
15080	Positive
15081	Positive
15082	Negative
15083	Negative
15084	Negative
15085	Negative
15086	Negative
15087	Negative
15088	Negative
15089	Positive
15090	Negative
15091	Negative
15092	Positive
15093	Positive
15094	Positive
15095	Negative
15096	Negative
15097	Positive
15098	Positive
15099	Positive
15100	Positive
15101	Negative
15102	Negative
15103	Positive
15104	Positive
15105	Negative
15106	Negative
15107	Negative
15108	Negative
15109	Negative
15110	Negative
15111	Positive
15112	Positive
15113	Negative
15114	Negative
15115	Positive
15116	Positive
15117	Negative
15118	Negative
15119	Positive
15120	Negative
15121	Negative
15122	Negative
15123	Negative
15124	Positive
15125	Positive
15126	Positive
15127	Positive
15128	Positive
15129	Negative
15130	Positive
15131	Positive
15132	Positive
15133	Negative
15134	Positive
15135	Positive
15136	Negative
15137	Negative
15138	Negative
15139	Positive
15140	Negative
15141	Positive
15142	Positive
15143	Negative
15144	Negative
15145	Negative
15146	Negative
15147	Positive
15148	Positive
15149	Negative
15150	Negative
15151	Positive
15152	Positive
15153	Positive
15154	Negative
15155	Negative
15156	Negative
15157	Positive
15158	Positive
15159	Positive
15160	Negative
15161	Negative
15162	Negative
15163	Negative
15164	Positive
15165	Negative
15166	Positive
15167	Positive
15168	Negative
15169	Positive
15170	Positive
15171	Positive
15172	Positive
15173	Positive
15174	Negative
15175	Negative
15176	Negative
15177	Negative
15178	Positive
15179	Negative
15180	Negative
15181	Negative
15182	Positive
15183	Negative
15184	Positive
15185	Negative
15186	Positive
15187	Positive
15188	Positive
15189	Positive
15190	Negative
15191	Negative
15192	Positive
15193	Negative
15194	Negative
15195	Positive
15196	Negative
15197	Negative
15198	Positive
15199	Positive
15200	Positive
15201	Negative
15202	Negative
15203	Negative
15204	Negative
15205	Negative
15206	Negative
15207	Positive
15208	Negative
15209	Negative
15210	Negative
15211	Positive
15212	Positive
15213	Positive
15214	Negative
15215	Positive
15216	Positive
15217	Negative
15218	Positive
15219	Positive
15220	Positive
15221	Negative
15222	Negative
15223	Negative
15224	Negative
15225	Negative
15226	Positive
15227	Positive
15228	Positive
15229	Positive
15230	Negative
15231	Positive
15232	Negative
15233	Negative
15234	Positive
15235	Negative
15236	Positive
15237	Negative
15238	Negative
15239	Negative
15240	Positive
15241	Positive
15242	Positive
15243	Positive
15244	Positive
15245	Positive
15246	Positive
15247	Positive
15248	Negative
15249	Negative
15250	Negative
15251	Negative
15252	Negative
15253	Positive
15254	Negative
15255	Positive
15256	Negative
15257	Negative
15258	Positive
15259	Positive
15260	Positive
15261	Positive
15262	Positive
15263	Positive
15264	Negative
15265	Positive
15266	Negative
15267	Negative
15268	Positive
15269	Positive
15270	Positive
15271	Positive
15272	Negative
15273	Positive
15274	Positive
15275	Negative
15276	Negative
15277	Negative
15278	Negative
15279	Positive
15280	Positive
15281	Positive
15282	Negative
15283	Positive
15284	Positive
15285	Positive
15286	Positive
15287	Positive
15288	Positive
15289	Negative
15290	Positive
15291	Negative
15292	Negative
15293	Positive
15294	Negative
15295	Positive
15296	Positive
15297	Positive
15298	Positive
15299	Negative
15300	Negative
15301	Positive
15302	Negative
15303	Negative
15304	Negative
15305	Positive
15306	Negative
15307	Negative
15308	Positive
15309	Negative
15310	Negative
15311	Positive
15312	Negative
15313	Negative
15314	Negative
15315	Negative
15316	Negative
15317	Negative
15318	Negative
15319	Negative
15320	Negative
15321	Positive
15322	Positive
15323	Negative
15324	Negative
15325	Positive
15326	Positive
15327	Negative
15328	Positive
15329	Negative
15330	Negative
15331	Negative
15332	Negative
15333	Negative
15334	Negative
15335	Negative
15336	Negative
15337	Negative
15338	Positive
15339	Positive
15340	Positive
15341	Positive
15342	Negative
15343	Positive
15344	Negative
15345	Positive
15346	Positive
15347	Positive
15348	Positive
15349	Positive
15350	Positive
15351	Negative
15352	Negative
15353	Positive
15354	Positive
15355	Negative
15356	Positive
15357	Negative
15358	Negative
15359	Negative
15360	Negative
15361	Negative
15362	Positive
15363	Negative
15364	Negative
15365	Positive
15366	Positive
15367	Positive
15368	Negative
15369	Negative
15370	Negative
15371	Negative
15372	Positive
15373	Negative
15374	Positive
15375	Negative
15376	Negative
15377	Negative
15378	Negative
15379	Negative
15380	Positive
15381	Positive
15382	Positive
15383	Positive
15384	Positive
15385	Positive
15386	Negative
15387	Negative
15388	Positive
15389	Negative
15390	Negative
15391	Negative
15392	Negative
15393	Positive
15394	Negative
15395	Positive
15396	Negative
15397	Positive
15398	Negative
15399	Positive
15400	Positive
15401	Negative
15402	Positive
15403	Negative
15404	Positive
15405	Negative
15406	Positive
15407	Negative
15408	Positive
15409	Positive
15410	Negative
15411	Negative
15412	Positive
15413	Negative
15414	Negative
15415	Negative
15416	Negative
15417	Positive
15418	Positive
15419	Negative
15420	Negative
15421	Positive
15422	Negative
15423	Positive
15424	Positive
15425	Negative
15426	Positive
15427	Negative
15428	Negative
15429	Negative
15430	Negative
15431	Negative
15432	Negative
15433	Positive
15434	Positive
15435	Positive
15436	Negative
15437	Positive
15438	Negative
15439	Positive
15440	Negative
15441	Positive
15442	Positive
15443	Negative
15444	Negative
15445	Negative
15446	Negative
15447	Negative
15448	Positive
15449	Positive
15450	Negative
15451	Positive
15452	Positive
15453	Positive
15454	Negative
15455	Positive
15456	Positive
15457	Negative
15458	Positive
15459	Negative
15460	Negative
15461	Negative
15462	Negative
15463	Positive
15464	Negative
15465	Positive
15466	Positive
15467	Negative
15468	Positive
15469	Negative
15470	Positive
15471	Positive
15472	Negative
15473	Negative
15474	Positive
15475	Negative
15476	Positive
15477	Negative
15478	Negative
15479	Negative
15480	Positive
15481	Positive
15482	Negative
15483	Positive
15484	Positive
15485	Negative
15486	Positive
15487	Positive
15488	Negative
15489	Positive
15490	Negative
15491	Positive
15492	Positive
15493	Negative
15494	Negative
15495	Positive
15496	Negative
15497	Negative
15498	Positive
15499	Positive
15500	Positive
15501	Positive
15502	Negative
15503	Positive
15504	Negative
15505	Negative
15506	Positive
15507	Negative
15508	Positive
15509	Positive
15510	Negative
15511	Negative
15512	Positive
15513	Negative
15514	Positive
15515	Positive
15516	Positive
15517	Negative
15518	Negative
15519	Positive
15520	Negative
15521	Negative
15522	Positive
15523	Positive
15524	Positive
15525	Negative
15526	Negative
15527	Positive
15528	Positive
15529	Positive
15530	Negative
15531	Negative
15532	Negative
15533	Negative
15534	Negative
15535	Negative
15536	Negative
15537	Negative
15538	Positive
15539	Positive
15540	Negative
15541	Positive
15542	Negative
15543	Positive
15544	Positive
15545	Negative
15546	Negative
15547	Positive
15548	Positive
15549	Positive
15550	Negative
15551	Negative
15552	Positive
15553	Negative
15554	Positive
15555	Positive
15556	Negative
15557	Positive
15558	Negative
15559	Negative
15560	Negative
15561	Positive
15562	Positive
15563	Positive
15564	Negative
15565	Negative
15566	Positive
15567	Negative
15568	Positive
15569	Negative
15570	Positive
15571	Positive
15572	Negative
15573	Negative
15574	Negative
15575	Negative
15576	Positive
15577	Positive
15578	Positive
15579	Positive
15580	Positive
15581	Positive
15582	Negative
15583	Positive
15584	Positive
15585	Positive
15586	Negative
15587	Positive
15588	Positive
15589	Positive
15590	Positive
15591	Positive
15592	Negative
15593	Negative
15594	Positive
15595	Negative
15596	Negative
15597	Positive
15598	Positive
15599	Positive
15600	Negative
15601	Positive
15602	Positive
15603	Positive
15604	Positive
15605	Negative
15606	Positive
15607	Negative
15608	Negative
15609	Negative
15610	Positive
15611	Positive
15612	Negative
15613	Positive
15614	Positive
15615	Negative
15616	Positive
15617	Negative
15618	Positive
15619	Negative
15620	Positive
15621	Negative
15622	Positive
15623	Positive
15624	Negative
15625	Negative
15626	Positive
15627	Negative
15628	Negative
15629	Positive
15630	Negative
15631	Positive
15632	Negative
15633	Positive
15634	Positive
15635	Negative
15636	Positive
15637	Positive
15638	Negative
15639	Positive
15640	Negative
15641	Negative
15642	Negative
15643	Negative
15644	Negative
15645	Positive
15646	Positive
15647	Negative
15648	Negative
15649	Negative
15650	Negative
15651	Positive
15652	Negative
15653	Negative
15654	Positive
15655	Positive
15656	Negative
15657	Negative
15658	Negative
15659	Positive
15660	Positive
15661	Negative
15662	Negative
15663	Negative
15664	Negative
15665	Negative
15666	Positive
15667	Positive
15668	Positive
15669	Negative
15670	Negative
15671	Negative
15672	Positive
15673	Positive
15674	Positive
15675	Negative
15676	Positive
15677	Positive
15678	Positive
15679	Positive
15680	Positive
15681	Positive
15682	Negative
15683	Positive
15684	Negative
15685	Negative
15686	Negative
15687	Negative
15688	Negative
15689	Positive
15690	Positive
15691	Positive
15692	Negative
15693	Positive
15694	Negative
15695	Positive
15696	Positive
15697	Negative
15698	Negative
15699	Negative
15700	Negative
15701	Negative
15702	Positive
15703	Positive
15704	Positive
15705	Negative
15706	Positive
15707	Positive
15708	Positive
15709	Negative
15710	Negative
15711	Positive
15712	Positive
15713	Positive
15714	Negative
15715	Negative
15716	Negative
15717	Negative
15718	Negative
15719	Negative
15720	Negative
15721	Positive
15722	Positive
15723	Negative
15724	Negative
15725	Negative
15726	Negative
15727	Positive
15728	Negative
15729	Positive
15730	Positive
15731	Negative
15732	Negative
15733	Negative
15734	Positive
15735	Positive
15736	Positive
15737	Negative
15738	Negative
15739	Negative
15740	Negative
15741	Negative
15742	Positive
15743	Positive
15744	Positive
15745	Negative
15746	Positive
15747	Negative
15748	Positive
15749	Positive
15750	Positive
15751	Negative
15752	Negative
15753	Positive
15754	Negative
15755	Negative
15756	Negative
15757	Negative
15758	Negative
15759	Negative
15760	Positive
15761	Positive
15762	Positive
15763	Positive
15764	Positive
15765	Positive
15766	Positive
15767	Positive
15768	Positive
15769	Negative
15770	Positive
15771	Negative
15772	Negative
15773	Negative
15774	Positive
15775	Positive
15776	Negative
15777	Positive
15778	Positive
15779	Positive
15780	Positive
15781	Negative
15782	Negative
15783	Positive
15784	Positive
15785	Negative
15786	Positive
15787	Positive
15788	Negative
15789	Positive
15790	Positive
15791	Negative
15792	Positive
15793	Negative
15794	Positive
15795	Positive
15796	Negative
15797	Negative
15798	Positive
15799	Positive
15800	Positive
15801	Negative
15802	Positive
15803	Negative
15804	Positive
15805	Positive
15806	Negative
15807	Positive
15808	Negative
15809	Positive
15810	Positive
15811	Negative
15812	Negative
15813	Positive
15814	Positive
15815	Positive
15816	Negative
15817	Negative
15818	Negative
15819	Negative
15820	Positive
15821	Negative
15822	Positive
15823	Positive
15824	Positive
15825	Positive
15826	Positive
15827	Negative
15828	Positive
15829	Negative
15830	Negative
15831	Positive
15832	Positive
15833	Positive
15834	Positive
15835	Negative
15836	Positive
15837	Negative
15838	Negative
15839	Positive
15840	Positive
15841	Positive
15842	Positive
15843	Positive
15844	Positive
15845	Negative
15846	Negative
15847	Positive
15848	Negative
15849	Negative
15850	Negative
15851	Negative
15852	Positive
15853	Positive
15854	Positive
15855	Positive
15856	Negative
15857	Positive
15858	Negative
15859	Negative
15860	Positive
15861	Negative
15862	Positive
15863	Positive
15864	Negative
15865	Positive
15866	Negative
15867	Negative
15868	Negative
15869	Negative
15870	Positive
15871	Positive
15872	Positive
15873	Positive
15874	Negative
15875	Negative
15876	Negative
15877	Negative
15878	Positive
15879	Negative
15880	Negative
15881	Negative
15882	Positive
15883	Positive
15884	Negative
15885	Negative
15886	Negative
15887	Positive
15888	Positive
15889	Negative
15890	Negative
15891	Positive
15892	Negative
15893	Negative
15894	Negative
15895	Negative
15896	Negative
15897	Positive
15898	Positive
15899	Negative
15900	Positive
15901	Negative
15902	Negative
15903	Negative
15904	Positive
15905	Positive
15906	Negative
15907	Negative
15908	Positive
15909	Negative
15910	Positive
15911	Positive
15912	Negative
15913	Positive
15914	Negative
15915	Negative
15916	Positive
15917	Negative
15918	Negative
15919	Negative
15920	Positive
15921	Negative
15922	Negative
15923	Negative
15924	Positive
15925	Positive
15926	Positive
15927	Negative
15928	Negative
15929	Negative
15930	Negative
15931	Positive
15932	Positive
15933	Negative
15934	Positive
15935	Positive
15936	Negative
15937	Negative
15938	Negative
15939	Positive
15940	Negative
15941	Negative
15942	Negative
15943	Positive
15944	Negative
15945	Positive
15946	Positive
15947	Negative
15948	Negative
15949	Negative
15950	Positive
15951	Positive
15952	Positive
15953	Negative
15954	Negative
15955	Positive
15956	Negative
15957	Negative
15958	Negative
15959	Positive
15960	Negative
15961	Positive
15962	Negative
15963	Negative
15964	Positive
15965	Positive
15966	Positive
15967	Positive
15968	Positive
15969	Negative
15970	Negative
15971	Positive
15972	Positive
15973	Positive
15974	Positive
15975	Negative
15976	Positive
15977	Negative
15978	Positive
15979	Negative
15980	Positive
15981	Negative
15982	Negative
15983	Positive
15984	Negative
15985	Positive
15986	Positive
15987	Negative
15988	Positive
15989	Positive
15990	Negative
15991	Negative
15992	Negative
15993	Negative
15994	Negative
15995	Negative
15996	Positive
15997	Positive
15998	Negative
15999	Negative
16000	Negative
16001	Positive
16002	Positive
16003	Positive
16004	Negative
16005	Negative
16006	Positive
16007	Positive
16008	Negative
16009	Negative
16010	Positive
16011	Positive
16012	Negative
16013	Negative
16014	Negative
16015	Positive
16016	Positive
16017	Negative
16018	Negative
16019	Positive
16020	Negative
16021	Positive
16022	Positive
16023	Positive
16024	Negative
16025	Positive
16026	Negative
16027	Negative
16028	Negative
16029	Negative
16030	Negative
16031	Positive
16032	Negative
16033	Positive
16034	Negative
16035	Positive
16036	Positive
16037	Positive
16038	Positive
16039	Positive
16040	Negative
16041	Positive
16042	Positive
16043	Positive
16044	Negative
16045	Negative
16046	Negative
16047	Positive
16048	Positive
16049	Positive
16050	Positive
16051	Negative
16052	Positive
16053	Positive
16054	Positive
16055	Negative
16056	Negative
16057	Positive
16058	Negative
16059	Negative
16060	Negative
16061	Negative
16062	Negative
16063	Positive
16064	Positive
16065	Negative
16066	Negative
16067	Negative
16068	Negative
16069	Positive
16070	Negative
16071	Positive
16072	Negative
16073	Positive
16074	Positive
16075	Positive
16076	Positive
16077	Positive
16078	Positive
16079	Positive
16080	Positive
16081	Positive
16082	Positive
16083	Negative
16084	Positive
16085	Positive
16086	Positive
16087	Positive
16088	Negative
16089	Positive
16090	Positive
16091	Negative
16092	Positive
16093	Negative
16094	Negative
16095	Negative
16096	Negative
16097	Negative
16098	Negative
16099	Negative
16100	Positive
16101	Positive
16102	Positive
16103	Negative
16104	Positive
16105	Positive
16106	Negative
16107	Positive
16108	Negative
16109	Positive
16110	Positive
16111	Positive
16112	Negative
16113	Negative
16114	Positive
16115	Positive
16116	Negative
16117	Negative
16118	Negative
16119	Positive
16120	Negative
16121	Negative
16122	Negative
16123	Negative
16124	Negative
16125	Positive
16126	Positive
16127	Positive
16128	Positive
16129	Positive
16130	Positive
16131	Positive
16132	Positive
16133	Positive
16134	Positive
16135	Positive
16136	Negative
16137	Negative
16138	Positive
16139	Positive
16140	Negative
16141	Negative
16142	Positive
16143	Negative
16144	Positive
16145	Negative
16146	Positive
16147	Positive
16148	Negative
16149	Positive
16150	Positive
16151	Positive
16152	Negative
16153	Positive
16154	Positive
16155	Positive
16156	Positive
16157	Negative
16158	Negative
16159	Negative
16160	Positive
16161	Negative
16162	Negative
16163	Negative
16164	Negative
16165	Positive
16166	Positive
16167	Positive
16168	Positive
16169	Positive
16170	Positive
16171	Positive
16172	Negative
16173	Negative
16174	Positive
16175	Positive
16176	Negative
16177	Negative
16178	Positive
16179	Negative
16180	Positive
16181	Negative
16182	Positive
16183	Negative
16184	Positive
16185	Positive
16186	Negative
16187	Negative
16188	Negative
16189	Negative
16190	Positive
16191	Negative
16192	Negative
16193	Negative
16194	Positive
16195	Negative
16196	Positive
16197	Positive
16198	Positive
16199	Positive
16200	Negative
16201	Negative
16202	Negative
16203	Positive
16204	Negative
16205	Positive
16206	Positive
16207	Positive
16208	Negative
16209	Positive
16210	Positive
16211	Negative
16212	Positive
16213	Positive
16214	Positive
16215	Positive
16216	Negative
16217	Positive
16218	Negative
16219	Negative
16220	Negative
16221	Positive
16222	Positive
16223	Negative
16224	Negative
16225	Positive
16226	Negative
16227	Positive
16228	Negative
16229	Negative
16230	Positive
16231	Negative
16232	Negative
16233	Positive
16234	Positive
16235	Positive
16236	Positive
16237	Negative
16238	Negative
16239	Positive
16240	Negative
16241	Positive
16242	Negative
16243	Positive
16244	Negative
16245	Positive
16246	Positive
16247	Positive
16248	Positive
16249	Positive
16250	Negative
16251	Positive
16252	Negative
16253	Positive
16254	Positive
16255	Negative
16256	Negative
16257	Positive
16258	Negative
16259	Positive
16260	Positive
16261	Negative
16262	Positive
16263	Positive
16264	Positive
16265	Positive
16266	Negative
16267	Negative
16268	Negative
16269	Negative
16270	Negative
16271	Positive
16272	Positive
16273	Negative
16274	Negative
16275	Positive
16276	Positive
16277	Positive
16278	Negative
16279	Negative
16280	Negative
16281	Negative
16282	Negative
16283	Positive
16284	Positive
16285	Positive
16286	Negative
16287	Positive
16288	Negative
16289	Positive
16290	Positive
16291	Negative
16292	Negative
16293	Positive
16294	Positive
16295	Positive
16296	Positive
16297	Negative
16298	Positive
16299	Positive
16300	Negative
16301	Negative
16302	Negative
16303	Negative
16304	Negative
16305	Positive
16306	Positive
16307	Negative
16308	Negative
16309	Negative
16310	Negative
16311	Negative
16312	Positive
16313	Positive
16314	Negative
16315	Positive
16316	Negative
16317	Positive
16318	Positive
16319	Positive
16320	Positive
16321	Positive
16322	Negative
16323	Positive
16324	Negative
16325	Positive
16326	Negative
16327	Positive
16328	Positive
16329	Negative
16330	Positive
16331	Positive
16332	Negative
16333	Negative
16334	Negative
16335	Negative
16336	Negative
16337	Negative
16338	Negative
16339	Negative
16340	Positive
16341	Negative
16342	Positive
16343	Negative
16344	Positive
16345	Positive
16346	Negative
16347	Negative
16348	Positive
16349	Negative
16350	Positive
16351	Positive
16352	Negative
16353	Negative
16354	Positive
16355	Negative
16356	Positive
16357	Negative
16358	Positive
16359	Negative
16360	Negative
16361	Negative
16362	Negative
16363	Negative
16364	Negative
16365	Negative
16366	Positive
16367	Negative
16368	Positive
16369	Negative
16370	Negative
16371	Positive
16372	Positive
16373	Negative
16374	Negative
16375	Positive
16376	Positive
16377	Negative
16378	Positive
16379	Negative
16380	Negative
16381	Negative
16382	Negative
16383	Negative
16384	Negative
16385	Positive
16386	Positive
16387	Negative
16388	Positive
16389	Negative
16390	Negative
16391	Negative
16392	Positive
16393	Positive
16394	Negative
16395	Positive
16396	Positive
16397	Positive
16398	Positive
16399	Positive
16400	Positive
16401	Negative
16402	Positive
16403	Positive
16404	Positive
16405	Positive
16406	Negative
16407	Positive
16408	Positive
16409	Negative
16410	Negative
16411	Negative
16412	Negative
16413	Positive
16414	Negative
16415	Negative
16416	Positive
16417	Positive
16418	Negative
16419	Negative
16420	Negative
16421	Positive
16422	Negative
16423	Positive
16424	Negative
16425	Positive
16426	Negative
16427	Negative
16428	Negative
16429	Positive
16430	Negative
16431	Negative
16432	Positive
16433	Positive
16434	Positive
16435	Negative
16436	Negative
16437	Positive
16438	Negative
16439	Negative
16440	Negative
16441	Negative
16442	Positive
16443	Positive
16444	Negative
16445	Negative
16446	Negative
16447	Negative
16448	Negative
16449	Positive
16450	Negative
16451	Positive
16452	Negative
16453	Positive
16454	Positive
16455	Negative
16456	Negative
16457	Negative
16458	Negative
16459	Positive
16460	Negative
16461	Negative
16462	Positive
16463	Negative
16464	Negative
16465	Negative
16466	Positive
16467	Negative
16468	Positive
16469	Negative
16470	Positive
16471	Negative
16472	Negative
16473	Positive
16474	Negative
16475	Negative
16476	Positive
16477	Positive
16478	Positive
16479	Positive
16480	Positive
16481	Positive
16482	Negative
16483	Negative
16484	Positive
16485	Negative
16486	Negative
16487	Negative
16488	Negative
16489	Negative
16490	Positive
16491	Negative
16492	Negative
16493	Negative
16494	Positive
16495	Positive
16496	Positive
16497	Negative
16498	Positive
16499	Negative
16500	Negative
16501	Positive
16502	Positive
16503	Negative
16504	Positive
16505	Negative
16506	Positive
16507	Positive
16508	Negative
16509	Negative
16510	Positive
16511	Positive
16512	Negative
16513	Negative
16514	Negative
16515	Positive
16516	Negative
16517	Positive
16518	Positive
16519	Positive
16520	Positive
16521	Negative
16522	Positive
16523	Positive
16524	Negative
16525	Negative
16526	Negative
16527	Negative
16528	Positive
16529	Positive
16530	Negative
16531	Negative
16532	Negative
16533	Positive
16534	Positive
16535	Positive
16536	Positive
16537	Negative
16538	Positive
16539	Positive
16540	Positive
16541	Positive
16542	Positive
16543	Negative
16544	Positive
16545	Positive
16546	Negative
16547	Negative
16548	Negative
16549	Positive
16550	Positive
16551	Positive
16552	Negative
16553	Negative
16554	Negative
16555	Negative
16556	Positive
16557	Positive
16558	Negative
16559	Positive
16560	Negative
16561	Positive
16562	Positive
16563	Positive
16564	Negative
16565	Negative
16566	Positive
16567	Positive
16568	Negative
16569	Negative
16570	Positive
16571	Positive
16572	Positive
16573	Negative
16574	Positive
16575	Positive
16576	Positive
16577	Positive
16578	Negative
16579	Positive
16580	Negative
16581	Positive
16582	Negative
16583	Negative
16584	Positive
16585	Positive
16586	Positive
16587	Negative
16588	Positive
16589	Negative
16590	Negative
16591	Negative
16592	Negative
16593	Negative
16594	Negative
16595	Positive
16596	Positive
16597	Positive
16598	Positive
16599	Negative
16600	Positive
16601	Negative
16602	Positive
16603	Positive
16604	Negative
16605	Negative
16606	Positive
16607	Positive
16608	Positive
16609	Positive
16610	Negative
16611	Positive
16612	Positive
16613	Positive
16614	Positive
16615	Positive
16616	Negative
16617	Negative
16618	Negative
16619	Negative
16620	Positive
16621	Positive
16622	Positive
16623	Negative
16624	Negative
16625	Positive
16626	Negative
16627	Positive
16628	Positive
16629	Negative
16630	Positive
16631	Negative
16632	Positive
16633	Positive
16634	Positive
16635	Positive
16636	Negative
16637	Negative
16638	Positive
16639	Negative
16640	Positive
16641	Positive
16642	Positive
16643	Negative
16644	Positive
16645	Positive
16646	Negative
16647	Negative
16648	Negative
16649	Negative
16650	Positive
16651	Negative
16652	Positive
16653	Positive
16654	Negative
16655	Negative
16656	Negative
16657	Positive
16658	Negative
16659	Positive
16660	Negative
16661	Positive
16662	Positive
16663	Positive
16664	Negative
16665	Positive
16666	Positive
16667	Negative
16668	Positive
16669	Positive
16670	Negative
16671	Negative
16672	Negative
16673	Negative
16674	Negative
16675	Negative
16676	Negative
16677	Negative
16678	Negative
16679	Negative
16680	Negative
16681	Positive
16682	Positive
16683	Negative
16684	Negative
16685	Negative
16686	Positive
16687	Negative
16688	Negative
16689	Negative
16690	Positive
16691	Positive
16692	Positive
16693	Positive
16694	Positive
16695	Positive
16696	Negative
16697	Positive
16698	Positive
16699	Positive
16700	Negative
16701	Negative
16702	Positive
16703	Negative
16704	Positive
16705	Negative
16706	Positive
16707	Positive
16708	Positive
16709	Negative
16710	Positive
16711	Positive
16712	Positive
16713	Positive
16714	Negative
16715	Positive
16716	Negative
16717	Negative
16718	Positive
16719	Positive
16720	Negative
16721	Negative
16722	Negative
16723	Positive
16724	Positive
16725	Negative
16726	Positive
16727	Positive
16728	Positive
16729	Negative
16730	Positive
16731	Positive
16732	Negative
16733	Negative
16734	Positive
16735	Positive
16736	Negative
16737	Negative
16738	Negative
16739	Negative
16740	Positive
16741	Positive
16742	Positive
16743	Positive
16744	Negative
16745	Negative
16746	Positive
16747	Positive
16748	Positive
16749	Negative
16750	Negative
16751	Negative
16752	Positive
16753	Positive
16754	Negative
16755	Negative
16756	Negative
16757	Negative
16758	Negative
16759	Negative
16760	Positive
16761	Positive
16762	Positive
16763	Negative
16764	Positive
16765	Positive
16766	Positive
16767	Positive
16768	Negative
16769	Negative
16770	Negative
16771	Negative
16772	Positive
16773	Negative
16774	Positive
16775	Positive
16776	Positive
16777	Positive
16778	Positive
16779	Negative
16780	Negative
16781	Negative
16782	Positive
16783	Positive
16784	Positive
16785	Negative
16786	Negative
16787	Positive
16788	Negative
16789	Positive
16790	Positive
16791	Negative
16792	Negative
16793	Positive
16794	Negative
16795	Positive
16796	Positive
16797	Positive
16798	Negative
16799	Positive
16800	Negative
16801	Negative
16802	Positive
16803	Negative
16804	Negative
16805	Positive
16806	Positive
16807	Positive
16808	Negative
16809	Positive
16810	Negative
16811	Positive
16812	Positive
16813	Negative
16814	Positive
16815	Negative
16816	Negative
16817	Positive
16818	Negative
16819	Negative
16820	Positive
16821	Negative
16822	Negative
16823	Negative
16824	Negative
16825	Positive
16826	Positive
16827	Negative
16828	Positive
16829	Negative
16830	Negative
16831	Positive
16832	Positive
16833	Positive
16834	Positive
16835	Negative
16836	Negative
16837	Positive
16838	Negative
16839	Positive
16840	Negative
16841	Positive
16842	Positive
16843	Positive
16844	Positive
16845	Negative
16846	Negative
16847	Negative
16848	Negative
16849	Negative
16850	Positive
16851	Positive
16852	Positive
16853	Positive
16854	Positive
16855	Negative
16856	Positive
16857	Negative
16858	Negative
16859	Positive
16860	Positive
16861	Positive
16862	Negative
16863	Positive
16864	Positive
16865	Positive
16866	Positive
16867	Positive
16868	Positive
16869	Positive
16870	Negative
16871	Negative
16872	Negative
16873	Negative
16874	Positive
16875	Negative
16876	Negative
16877	Negative
16878	Positive
16879	Positive
16880	Negative
16881	Positive
16882	Negative
16883	Positive
16884	Negative
16885	Positive
16886	Positive
16887	Negative
16888	Negative
16889	Negative
16890	Negative
16891	Positive
16892	Negative
16893	Negative
16894	Positive
16895	Negative
16896	Positive
16897	Negative
16898	Negative
16899	Positive
16900	Negative
16901	Negative
16902	Negative
16903	Negative
16904	Negative
16905	Positive
16906	Positive
16907	Negative
16908	Positive
16909	Positive
16910	Negative
16911	Positive
16912	Negative
16913	Positive
16914	Negative
16915	Negative
16916	Positive
16917	Positive
16918	Positive
16919	Negative
16920	Negative
16921	Positive
16922	Negative
16923	Negative
16924	Negative
16925	Positive
16926	Positive
16927	Positive
16928	Positive
16929	Positive
16930	Positive
16931	Positive
16932	Negative
16933	Negative
16934	Positive
16935	Positive
16936	Negative
16937	Positive
16938	Negative
16939	Positive
16940	Negative
16941	Negative
16942	Positive
16943	Negative
16944	Positive
16945	Negative
16946	Positive
16947	Positive
16948	Negative
16949	Negative
16950	Positive
16951	Positive
16952	Positive
16953	Positive
16954	Negative
16955	Negative
16956	Positive
16957	Negative
16958	Negative
16959	Negative
16960	Positive
16961	Negative
16962	Positive
16963	Positive
16964	Negative
16965	Negative
16966	Positive
16967	Positive
16968	Negative
16969	Positive
16970	Negative
16971	Negative
16972	Positive
16973	Positive
16974	Negative
16975	Positive
16976	Negative
16977	Positive
16978	Positive
16979	Negative
16980	Positive
16981	Negative
16982	Negative
16983	Negative
16984	Negative
16985	Positive
16986	Negative
16987	Positive
16988	Positive
16989	Positive
16990	Positive
16991	Positive
16992	Positive
16993	Positive
16994	Positive
16995	Negative
16996	Negative
16997	Positive
16998	Positive
16999	Negative
17000	Negative
17001	Positive
17002	Positive
17003	Negative
17004	Negative
17005	Positive
17006	Positive
17007	Negative
17008	Positive
17009	Positive
17010	Positive
17011	Negative
17012	Negative
17013	Negative
17014	Negative
17015	Positive
17016	Negative
17017	Negative
17018	Positive
17019	Negative
17020	Positive
17021	Positive
17022	Negative
17023	Positive
17024	Negative
17025	Positive
17026	Positive
17027	Negative
17028	Positive
17029	Positive
17030	Positive
17031	Positive
17032	Negative
17033	Negative
17034	Positive
17035	Positive
17036	Positive
17037	Positive
17038	Positive
17039	Negative
17040	Negative
17041	Negative
17042	Positive
17043	Positive
17044	Negative
17045	Positive
17046	Positive
17047	Negative
17048	Positive
17049	Negative
17050	Positive
17051	Positive
17052	Negative
17053	Positive
17054	Positive
17055	Positive
17056	Positive
17057	Negative
17058	Positive
17059	Negative
17060	Negative
17061	Positive
17062	Positive
17063	Positive
17064	Negative
17065	Positive
17066	Positive
17067	Negative
17068	Positive
17069	Positive
17070	Negative
17071	Negative
17072	Negative
17073	Negative
17074	Negative
17075	Negative
17076	Positive
17077	Positive
17078	Negative
17079	Negative
17080	Positive
17081	Positive
17082	Negative
17083	Positive
17084	Positive
17085	Positive
17086	Negative
17087	Negative
17088	Negative
17089	Negative
17090	Positive
17091	Negative
17092	Negative
17093	Positive
17094	Positive
17095	Negative
17096	Negative
17097	Positive
17098	Positive
17099	Positive
17100	Positive
17101	Positive
17102	Negative
17103	Positive
17104	Positive
17105	Negative
17106	Negative
17107	Negative
17108	Positive
17109	Positive
17110	Positive
17111	Negative
17112	Positive
17113	Negative
17114	Negative
17115	Positive
17116	Positive
17117	Negative
17118	Positive
17119	Negative
17120	Positive
17121	Positive
17122	Negative
17123	Positive
17124	Positive
17125	Positive
17126	Negative
17127	Negative
17128	Negative
17129	Negative
17130	Negative
17131	Negative
17132	Negative
17133	Positive
17134	Negative
17135	Negative
17136	Negative
17137	Negative
17138	Negative
17139	Positive
17140	Negative
17141	Positive
17142	Negative
17143	Negative
17144	Positive
17145	Negative
17146	Negative
17147	Positive
17148	Positive
17149	Negative
17150	Positive
17151	Positive
17152	Negative
17153	Positive
17154	Negative
17155	Positive
17156	Positive
17157	Positive
17158	Negative
17159	Negative
17160	Negative
17161	Positive
17162	Positive
17163	Negative
17164	Negative
17165	Negative
17166	Negative
17167	Negative
17168	Positive
17169	Positive
17170	Positive
17171	Positive
17172	Negative
17173	Positive
17174	Positive
17175	Negative
17176	Positive
17177	Negative
17178	Positive
17179	Positive
17180	Negative
17181	Negative
17182	Positive
17183	Positive
17184	Positive
17185	Negative
17186	Positive
17187	Negative
17188	Negative
17189	Negative
17190	Positive
17191	Positive
17192	Negative
17193	Negative
17194	Positive
17195	Positive
17196	Negative
17197	Positive
17198	Positive
17199	Positive
17200	Negative
17201	Positive
17202	Negative
17203	Positive
17204	Positive
17205	Positive
17206	Negative
17207	Positive
17208	Positive
17209	Positive
17210	Negative
17211	Positive
17212	Negative
17213	Positive
17214	Positive
17215	Negative
17216	Negative
17217	Negative
17218	Negative
17219	Negative
17220	Positive
17221	Negative
17222	Positive
17223	Positive
17224	Positive
17225	Positive
17226	Negative
17227	Positive
17228	Positive
17229	Positive
17230	Negative
17231	Positive
17232	Negative
17233	Positive
17234	Positive
17235	Negative
17236	Positive
17237	Negative
17238	Positive
17239	Negative
17240	Positive
17241	Positive
17242	Negative
17243	Positive
17244	Negative
17245	Positive
17246	Positive
17247	Negative
17248	Negative
17249	Negative
17250	Negative
17251	Positive
17252	Positive
17253	Positive
17254	Negative
17255	Negative
17256	Negative
17257	Positive
17258	Positive
17259	Positive
17260	Positive
17261	Negative
17262	Negative
17263	Negative
17264	Negative
17265	Negative
17266	Negative
17267	Positive
17268	Negative
17269	Negative
17270	Negative
17271	Positive
17272	Negative
17273	Positive
17274	Negative
17275	Positive
17276	Negative
17277	Positive
17278	Positive
17279	Negative
17280	Negative
17281	Positive
17282	Positive
17283	Negative
17284	Negative
17285	Positive
17286	Negative
17287	Positive
17288	Positive
17289	Positive
17290	Positive
17291	Positive
17292	Positive
17293	Positive
17294	Negative
17295	Negative
17296	Negative
17297	Negative
17298	Positive
17299	Negative
17300	Positive
17301	Positive
17302	Positive
17303	Positive
17304	Positive
17305	Negative
17306	Negative
17307	Positive
17308	Negative
17309	Positive
17310	Positive
17311	Positive
17312	Negative
17313	Positive
17314	Negative
17315	Positive
17316	Negative
17317	Negative
17318	Negative
17319	Positive
17320	Positive
17321	Positive
17322	Negative
17323	Positive
17324	Positive
17325	Positive
17326	Positive
17327	Positive
17328	Positive
17329	Negative
17330	Positive
17331	Negative
17332	Positive
17333	Negative
17334	Positive
17335	Negative
17336	Positive
17337	Negative
17338	Positive
17339	Negative
17340	Positive
17341	Negative
17342	Positive
17343	Positive
17344	Negative
17345	Negative
17346	Positive
17347	Positive
17348	Positive
17349	Positive
17350	Positive
17351	Negative
17352	Negative
17353	Positive
17354	Positive
17355	Negative
17356	Negative
17357	Positive
17358	Negative
17359	Positive
17360	Positive
17361	Positive
17362	Positive
17363	Positive
17364	Positive
17365	Positive
17366	Positive
17367	Positive
17368	Negative
17369	Negative
17370	Negative
17371	Positive
17372	Negative
17373	Positive
17374	Positive
17375	Positive
17376	Negative
17377	Negative
17378	Positive
17379	Negative
17380	Negative
17381	Positive
17382	Negative
17383	Negative
17384	Positive
17385	Positive
17386	Positive
17387	Positive
17388	Positive
17389	Positive
17390	Positive
17391	Positive
17392	Positive
17393	Positive
17394	Negative
17395	Positive
17396	Positive
17397	Negative
17398	Positive
17399	Positive
17400	Positive
17401	Negative
17402	Positive
17403	Positive
17404	Positive
17405	Negative
17406	Positive
17407	Positive
17408	Negative
17409	Negative
17410	Positive
17411	Negative
17412	Negative
17413	Negative
17414	Negative
17415	Positive
17416	Negative
17417	Negative
17418	Negative
17419	Positive
17420	Negative
17421	Positive
17422	Negative
17423	Positive
17424	Positive
17425	Positive
17426	Positive
17427	Negative
17428	Negative
17429	Negative
17430	Positive
17431	Positive
17432	Positive
17433	Negative
17434	Positive
17435	Negative
17436	Positive
17437	Negative
17438	Negative
17439	Positive
17440	Positive
17441	Positive
17442	Negative
17443	Positive
17444	Negative
17445	Negative
17446	Positive
17447	Positive
17448	Positive
17449	Positive
17450	Positive
17451	Negative
17452	Positive
17453	Positive
17454	Positive
17455	Negative
17456	Positive
17457	Negative
17458	Positive
17459	Positive
17460	Negative
17461	Positive
17462	Negative
17463	Positive
17464	Positive
17465	Negative
17466	Negative
17467	Negative
17468	Negative
17469	Positive
17470	Negative
17471	Negative
17472	Positive
17473	Negative
17474	Negative
17475	Positive
17476	Negative
17477	Positive
17478	Positive
17479	Positive
17480	Positive
17481	Negative
17482	Negative
17483	Positive
17484	Positive
17485	Negative
17486	Positive
17487	Negative
17488	Positive
17489	Positive
17490	Positive
17491	Positive
17492	Positive
17493	Positive
17494	Positive
17495	Negative
17496	Negative
17497	Positive
17498	Positive
17499	Positive
17500	Negative
17501	Negative
17502	Positive
17503	Positive
17504	Negative
17505	Negative
17506	Positive
17507	Negative
17508	Positive
17509	Positive
17510	Negative
17511	Positive
17512	Negative
17513	Positive
17514	Positive
17515	Negative
17516	Negative
17517	Positive
17518	Negative
17519	Negative
17520	Positive
17521	Negative
17522	Negative
17523	Positive
17524	Negative
17525	Positive
17526	Negative
17527	Negative
17528	Negative
17529	Positive
17530	Negative
17531	Positive
17532	Positive
17533	Negative
17534	Negative
17535	Positive
17536	Negative
17537	Negative
17538	Negative
17539	Negative
17540	Negative
17541	Positive
17542	Negative
17543	Negative
17544	Positive
17545	Positive
17546	Negative
17547	Negative
17548	Positive
17549	Negative
17550	Positive
17551	Positive
17552	Negative
17553	Positive
17554	Positive
17555	Negative
17556	Positive
17557	Positive
17558	Positive
17559	Negative
17560	Positive
17561	Positive
17562	Negative
17563	Negative
17564	Negative
17565	Positive
17566	Negative
17567	Positive
17568	Negative
17569	Negative
17570	Positive
17571	Negative
17572	Negative
17573	Positive
17574	Positive
17575	Negative
17576	Negative
17577	Positive
17578	Positive
17579	Negative
17580	Negative
17581	Negative
17582	Positive
17583	Negative
17584	Negative
17585	Negative
17586	Negative
17587	Negative
17588	Positive
17589	Negative
17590	Positive
17591	Positive
17592	Positive
17593	Negative
17594	Negative
17595	Positive
17596	Positive
17597	Positive
17598	Positive
17599	Positive
17600	Positive
17601	Positive
17602	Positive
17603	Negative
17604	Negative
17605	Negative
17606	Positive
17607	Positive
17608	Negative
17609	Negative
17610	Positive
17611	Negative
17612	Positive
17613	Negative
17614	Positive
17615	Negative
17616	Negative
17617	Negative
17618	Negative
17619	Positive
17620	Negative
17621	Negative
17622	Positive
17623	Positive
17624	Positive
17625	Positive
17626	Positive
17627	Negative
17628	Positive
17629	Negative
17630	Negative
17631	Positive
17632	Positive
17633	Negative
17634	Negative
17635	Negative
17636	Positive
17637	Negative
17638	Negative
17639	Negative
17640	Positive
17641	Negative
17642	Negative
17643	Positive
17644	Positive
17645	Positive
17646	Negative
17647	Positive
17648	Positive
17649	Negative
17650	Negative
17651	Positive
17652	Negative
17653	Negative
17654	Negative
17655	Positive
17656	Positive
17657	Negative
17658	Negative
17659	Negative
17660	Positive
17661	Positive
17662	Positive
17663	Negative
17664	Negative
17665	Negative
17666	Negative
17667	Negative
17668	Positive
17669	Positive
17670	Negative
17671	Positive
17672	Positive
17673	Positive
17674	Negative
17675	Positive
17676	Positive
17677	Positive
17678	Negative
17679	Positive
17680	Negative
17681	Negative
17682	Negative
17683	Positive
17684	Positive
17685	Positive
17686	Negative
17687	Positive
17688	Negative
17689	Negative
17690	Positive
17691	Negative
17692	Positive
17693	Positive
17694	Positive
17695	Positive
17696	Negative
17697	Positive
17698	Positive
17699	Negative
17700	Positive
17701	Negative
17702	Positive
17703	Negative
17704	Positive
17705	Negative
17706	Negative
17707	Negative
17708	Positive
17709	Positive
17710	Negative
17711	Positive
17712	Positive
17713	Positive
17714	Positive
17715	Positive
17716	Negative
17717	Negative
17718	Positive
17719	Positive
17720	Positive
17721	Negative
17722	Negative
17723	Negative
17724	Positive
17725	Positive
17726	Positive
17727	Negative
17728	Negative
17729	Positive
17730	Negative
17731	Negative
17732	Negative
17733	Positive
17734	Positive
17735	Negative
17736	Negative
17737	Negative
17738	Positive
17739	Negative
17740	Negative
17741	Positive
17742	Negative
17743	Negative
17744	Negative
17745	Negative
17746	Negative
17747	Positive
17748	Positive
17749	Positive
17750	Negative
17751	Negative
17752	Positive
17753	Positive
17754	Negative
17755	Negative
17756	Positive
17757	Positive
17758	Negative
17759	Negative
17760	Negative
17761	Positive
17762	Negative
17763	Negative
17764	Negative
17765	Positive
17766	Negative
17767	Positive
17768	Negative
17769	Positive
17770	Positive
17771	Negative
17772	Positive
17773	Negative
17774	Positive
17775	Negative
17776	Negative
17777	Positive
17778	Positive
17779	Negative
17780	Positive
17781	Positive
17782	Negative
17783	Negative
17784	Positive
17785	Negative
17786	Negative
17787	Positive
17788	Positive
17789	Negative
17790	Negative
17791	Negative
17792	Negative
17793	Positive
17794	Positive
17795	Positive
17796	Positive
17797	Negative
17798	Negative
17799	Positive
17800	Positive
17801	Negative
17802	Positive
17803	Negative
17804	Negative
17805	Positive
17806	Negative
17807	Negative
17808	Positive
17809	Positive
17810	Positive
17811	Positive
17812	Positive
17813	Negative
17814	Negative
17815	Negative
17816	Negative
17817	Negative
17818	Positive
17819	Negative
17820	Positive
17821	Positive
17822	Negative
17823	Negative
17824	Positive
17825	Negative
17826	Positive
17827	Negative
17828	Positive
17829	Negative
17830	Negative
17831	Negative
17832	Negative
17833	Positive
17834	Negative
17835	Positive
17836	Positive
17837	Positive
17838	Negative
17839	Negative
17840	Negative
17841	Positive
17842	Positive
17843	Positive
17844	Negative
17845	Positive
17846	Negative
17847	Negative
17848	Positive
17849	Positive
17850	Positive
17851	Positive
17852	Positive
17853	Negative
17854	Negative
17855	Positive
17856	Negative
17857	Positive
17858	Negative
17859	Negative
17860	Positive
17861	Negative
17862	Positive
17863	Positive
17864	Negative
17865	Positive
17866	Positive
17867	Positive
17868	Positive
17869	Negative
17870	Negative
17871	Positive
17872	Negative
17873	Negative
17874	Negative
17875	Positive
17876	Negative
17877	Positive
17878	Negative
17879	Positive
17880	Negative
17881	Negative
17882	Negative
17883	Negative
17884	Negative
17885	Negative
17886	Positive
17887	Positive
17888	Positive
17889	Negative
17890	Positive
17891	Negative
17892	Negative
17893	Negative
17894	Positive
17895	Negative
17896	Negative
17897	Positive
17898	Positive
17899	Negative
17900	Positive
17901	Positive
17902	Negative
17903	Positive
17904	Positive
17905	Positive
17906	Negative
17907	Negative
17908	Negative
17909	Positive
17910	Positive
17911	Positive
17912	Negative
17913	Negative
17914	Negative
17915	Negative
17916	Positive
17917	Negative
17918	Positive
17919	Negative
17920	Positive
17921	Positive
17922	Positive
17923	Positive
17924	Negative
17925	Positive
17926	Positive
17927	Negative
17928	Positive
17929	Negative
17930	Negative
17931	Positive
17932	Positive
17933	Positive
17934	Negative
17935	Positive
17936	Positive
17937	Positive
17938	Positive
17939	Negative
17940	Positive
17941	Positive
17942	Negative
17943	Positive
17944	Positive
17945	Negative
17946	Positive
17947	Positive
17948	Negative
17949	Positive
17950	Positive
17951	Negative
17952	Negative
17953	Negative
17954	Positive
17955	Positive
17956	Negative
17957	Positive
17958	Negative
17959	Positive
17960	Positive
17961	Negative
17962	Negative
17963	Negative
17964	Positive
17965	Negative
17966	Positive
17967	Negative
17968	Negative
17969	Negative
17970	Positive
17971	Negative
17972	Positive
17973	Positive
17974	Positive
17975	Positive
17976	Positive
17977	Positive
17978	Negative
17979	Positive
17980	Positive
17981	Negative
17982	Positive
17983	Positive
17984	Positive
17985	Negative
17986	Positive
17987	Positive
17988	Positive
17989	Positive
17990	Negative
17991	Negative
17992	Negative
17993	Positive
17994	Positive
17995	Negative
17996	Positive
17997	Positive
17998	Positive
17999	Negative
18000	Positive
18001	Negative
18002	Positive
18003	Negative
18004	Negative
18005	Negative
18006	Positive
18007	Positive
18008	Negative
18009	Negative
18010	Positive
18011	Positive
18012	Negative
18013	Negative
18014	Positive
18015	Positive
18016	Positive
18017	Positive
18018	Positive
18019	Positive
18020	Positive
18021	Positive
18022	Positive
18023	Positive
18024	Negative
18025	Negative
18026	Negative
18027	Positive
18028	Negative
18029	Positive
18030	Negative
18031	Negative
18032	Negative
18033	Negative
18034	Negative
18035	Positive
18036	Negative
18037	Negative
18038	Negative
18039	Negative
18040	Positive
18041	Negative
18042	Positive
18043	Positive
18044	Negative
18045	Positive
18046	Negative
18047	Positive
18048	Positive
18049	Negative
18050	Positive
18051	Positive
18052	Negative
18053	Positive
18054	Negative
18055	Positive
18056	Negative
18057	Positive
18058	Negative
18059	Positive
18060	Positive
18061	Positive
18062	Positive
18063	Positive
18064	Positive
18065	Positive
18066	Negative
18067	Negative
18068	Positive
18069	Positive
18070	Positive
18071	Positive
18072	Negative
18073	Negative
18074	Negative
18075	Negative
18076	Negative
18077	Negative
18078	Positive
18079	Negative
18080	Negative
18081	Positive
18082	Negative
18083	Negative
18084	Negative
18085	Negative
18086	Positive
18087	Positive
18088	Positive
18089	Negative
18090	Positive
18091	Positive
18092	Negative
18093	Positive
18094	Negative
18095	Positive
18096	Negative
18097	Positive
18098	Positive
18099	Negative
18100	Negative
18101	Negative
18102	Positive
18103	Negative
18104	Positive
18105	Negative
18106	Positive
18107	Positive
18108	Positive
18109	Positive
18110	Positive
18111	Positive
18112	Positive
18113	Negative
18114	Negative
18115	Positive
18116	Positive
18117	Negative
18118	Negative
18119	Positive
18120	Negative
18121	Negative
18122	Negative
18123	Negative
18124	Negative
18125	Positive
18126	Positive
18127	Positive
18128	Negative
18129	Negative
18130	Negative
18131	Positive
18132	Negative
18133	Positive
18134	Negative
18135	Positive
18136	Negative
18137	Negative
18138	Negative
18139	Positive
18140	Negative
18141	Positive
18142	Positive
18143	Negative
18144	Positive
18145	Negative
18146	Negative
18147	Positive
18148	Positive
18149	Negative
18150	Negative
18151	Positive
18152	Positive
18153	Negative
18154	Negative
18155	Positive
18156	Positive
18157	Positive
18158	Positive
18159	Positive
18160	Negative
18161	Negative
18162	Positive
18163	Positive
18164	Positive
18165	Negative
18166	Negative
18167	Negative
18168	Positive
18169	Positive
18170	Positive
18171	Positive
18172	Positive
18173	Negative
18174	Positive
18175	Positive
18176	Positive
18177	Positive
18178	Negative
18179	Negative
18180	Positive
18181	Negative
18182	Negative
18183	Positive
18184	Positive
18185	Positive
18186	Positive
18187	Negative
18188	Positive
18189	Negative
18190	Negative
18191	Negative
18192	Positive
18193	Positive
18194	Positive
18195	Positive
18196	Negative
18197	Positive
18198	Positive
18199	Negative
18200	Negative
18201	Negative
18202	Positive
18203	Positive
18204	Positive
18205	Negative
18206	Negative
18207	Positive
18208	Positive
18209	Negative
18210	Negative
18211	Positive
18212	Positive
18213	Positive
18214	Positive
18215	Positive
18216	Positive
18217	Negative
18218	Negative
18219	Negative
18220	Negative
18221	Positive
18222	Negative
18223	Positive
18224	Positive
18225	Positive
18226	Positive
18227	Positive
18228	Positive
18229	Positive
18230	Positive
18231	Negative
18232	Negative
18233	Negative
18234	Negative
18235	Positive
18236	Positive
18237	Negative
18238	Negative
18239	Negative
18240	Negative
18241	Positive
18242	Positive
18243	Negative
18244	Positive
18245	Negative
18246	Positive
18247	Negative
18248	Negative
18249	Negative
18250	Positive
18251	Negative
18252	Negative
18253	Negative
18254	Negative
18255	Negative
18256	Negative
18257	Positive
18258	Negative
18259	Negative
18260	Negative
18261	Negative
18262	Negative
18263	Positive
18264	Negative
18265	Positive
18266	Positive
18267	Negative
18268	Negative
18269	Positive
18270	Negative
18271	Negative
18272	Negative
18273	Negative
18274	Positive
18275	Positive
18276	Positive
18277	Negative
18278	Positive
18279	Positive
18280	Positive
18281	Positive
18282	Negative
18283	Positive
18284	Negative
18285	Positive
18286	Positive
18287	Negative
18288	Negative
18289	Negative
18290	Positive
18291	Negative
18292	Positive
18293	Positive
18294	Negative
18295	Negative
18296	Positive
18297	Positive
18298	Positive
18299	Positive
18300	Positive
18301	Positive
18302	Positive
18303	Positive
18304	Negative
18305	Positive
18306	Negative
18307	Positive
18308	Positive
18309	Positive
18310	Negative
18311	Positive
18312	Negative
18313	Negative
18314	Positive
18315	Positive
18316	Negative
18317	Negative
18318	Negative
18319	Negative
18320	Positive
18321	Positive
18322	Positive
18323	Positive
18324	Positive
18325	Positive
18326	Negative
18327	Positive
18328	Negative
18329	Positive
18330	Positive
18331	Positive
18332	Negative
18333	Negative
18334	Negative
18335	Negative
18336	Negative
18337	Negative
18338	Positive
18339	Negative
18340	Positive
18341	Positive
18342	Positive
18343	Negative
18344	Positive
18345	Positive
18346	Negative
18347	Positive
18348	Negative
18349	Negative
18350	Positive
18351	Positive
18352	Positive
18353	Positive
18354	Negative
18355	Negative
18356	Negative
18357	Positive
18358	Negative
18359	Positive
18360	Negative
18361	Negative
18362	Positive
18363	Positive
18364	Positive
18365	Positive
18366	Negative
18367	Positive
18368	Negative
18369	Negative
18370	Positive
18371	Positive
18372	Negative
18373	Positive
18374	Positive
18375	Positive
18376	Positive
18377	Positive
18378	Positive
18379	Negative
18380	Negative
18381	Negative
18382	Positive
18383	Positive
18384	Positive
18385	Negative
18386	Negative
18387	Positive
18388	Positive
18389	Positive
18390	Negative
18391	Positive
18392	Negative
18393	Positive
18394	Negative
18395	Negative
18396	Positive
18397	Negative
18398	Positive
18399	Negative
18400	Negative
18401	Positive
18402	Negative
18403	Negative
18404	Negative
18405	Negative
18406	Positive
18407	Negative
18408	Positive
18409	Negative
18410	Negative
18411	Negative
18412	Positive
18413	Positive
18414	Positive
18415	Negative
18416	Positive
18417	Negative
18418	Negative
18419	Positive
18420	Negative
18421	Positive
18422	Negative
18423	Positive
18424	Negative
18425	Positive
18426	Positive
18427	Negative
18428	Positive
18429	Negative
18430	Positive
18431	Negative
18432	Positive
18433	Positive
18434	Negative
18435	Negative
18436	Positive
18437	Positive
18438	Negative
18439	Positive
18440	Negative
18441	Negative
18442	Positive
18443	Negative
18444	Negative
18445	Positive
18446	Positive
18447	Negative
18448	Negative
18449	Negative
18450	Negative
18451	Positive
18452	Positive
18453	Negative
18454	Positive
18455	Positive
18456	Positive
18457	Positive
18458	Positive
18459	Positive
18460	Negative
18461	Negative
18462	Negative
18463	Negative
18464	Negative
18465	Positive
18466	Negative
18467	Negative
18468	Negative
18469	Negative
18470	Positive
18471	Positive
18472	Negative
18473	Negative
18474	Positive
18475	Negative
18476	Positive
18477	Positive
18478	Positive
18479	Negative
18480	Positive
18481	Negative
18482	Positive
18483	Positive
18484	Positive
18485	Positive
18486	Positive
18487	Negative
18488	Positive
18489	Negative
18490	Positive
18491	Positive
18492	Positive
18493	Positive
18494	Negative
18495	Positive
18496	Negative
18497	Negative
18498	Positive
18499	Positive
18500	Positive
18501	Positive
18502	Negative
18503	Positive
18504	Negative
18505	Negative
18506	Positive
18507	Positive
18508	Positive
18509	Negative
18510	Negative
18511	Positive
18512	Positive
18513	Negative
18514	Positive
18515	Negative
18516	Negative
18517	Positive
18518	Negative
18519	Positive
18520	Negative
18521	Positive
18522	Positive
18523	Positive
18524	Negative
18525	Positive
18526	Negative
18527	Positive
18528	Positive
18529	Negative
18530	Negative
18531	Positive
18532	Positive
18533	Negative
18534	Positive
18535	Negative
18536	Positive
18537	Negative
18538	Positive
18539	Negative
18540	Negative
18541	Positive
18542	Positive
18543	Positive
18544	Positive
18545	Negative
18546	Positive
18547	Positive
18548	Negative
18549	Positive
18550	Positive
18551	Positive
18552	Positive
18553	Positive
18554	Negative
18555	Negative
18556	Negative
18557	Positive
18558	Negative
18559	Positive
18560	Negative
18561	Negative
18562	Negative
18563	Positive
18564	Negative
18565	Negative
18566	Positive
18567	Negative
18568	Negative
18569	Positive
18570	Positive
18571	Positive
18572	Positive
18573	Positive
18574	Positive
18575	Negative
18576	Positive
18577	Positive
18578	Negative
18579	Negative
18580	Positive
18581	Negative
18582	Negative
18583	Positive
18584	Positive
18585	Negative
18586	Negative
18587	Negative
18588	Negative
18589	Positive
18590	Negative
18591	Positive
18592	Positive
18593	Negative
18594	Negative
18595	Negative
18596	Negative
18597	Positive
18598	Positive
18599	Positive
18600	Positive
18601	Positive
18602	Positive
18603	Negative
18604	Positive
18605	Negative
18606	Positive
18607	Negative
18608	Positive
18609	Positive
18610	Negative
18611	Positive
18612	Negative
18613	Negative
18614	Positive
18615	Negative
18616	Negative
18617	Positive
18618	Negative
18619	Positive
18620	Positive
18621	Negative
18622	Positive
18623	Positive
18624	Negative
18625	Positive
18626	Positive
18627	Negative
18628	Positive
18629	Positive
18630	Positive
18631	Positive
18632	Negative
18633	Negative
18634	Negative
18635	Positive
18636	Negative
18637	Positive
18638	Positive
18639	Positive
18640	Positive
18641	Positive
18642	Positive
18643	Positive
18644	Positive
18645	Negative
18646	Positive
18647	Positive
18648	Positive
18649	Positive
18650	Negative
18651	Positive
18652	Positive
18653	Positive
18654	Positive
18655	Positive
18656	Positive
18657	Positive
18658	Negative
18659	Negative
18660	Negative
18661	Negative
18662	Negative
18663	Negative
18664	Negative
18665	Positive
18666	Positive
18667	Negative
18668	Positive
18669	Negative
18670	Positive
18671	Negative
18672	Negative
18673	Negative
18674	Negative
18675	Positive
18676	Negative
18677	Negative
18678	Negative
18679	Positive
18680	Negative
18681	Positive
18682	Positive
18683	Negative
18684	Negative
18685	Negative
18686	Negative
18687	Negative
18688	Positive
18689	Negative
18690	Positive
18691	Positive
18692	Negative
18693	Positive
18694	Positive
18695	Negative
18696	Negative
18697	Negative
18698	Positive
18699	Positive
18700	Negative
18701	Positive
18702	Positive
18703	Positive
18704	Negative
18705	Positive
18706	Positive
18707	Positive
18708	Positive
18709	Positive
18710	Positive
18711	Positive
18712	Positive
18713	Negative
18714	Positive
18715	Negative
18716	Positive
18717	Negative
18718	Positive
18719	Negative
18720	Negative
18721	Positive
18722	Positive
18723	Positive
18724	Negative
18725	Positive
18726	Positive
18727	Negative
18728	Positive
18729	Negative
18730	Positive
18731	Positive
18732	Positive
18733	Negative
18734	Negative
18735	Positive
18736	Positive
18737	Negative
18738	Negative
18739	Negative
18740	Negative
18741	Positive
18742	Positive
18743	Negative
18744	Positive
18745	Positive
18746	Positive
18747	Negative
18748	Negative
18749	Negative
18750	Positive
18751	Positive
18752	Negative
18753	Negative
18754	Negative
18755	Negative
18756	Positive
18757	Negative
18758	Positive
18759	Negative
18760	Positive
18761	Negative
18762	Negative
18763	Positive
18764	Positive
18765	Negative
18766	Negative
18767	Negative
18768	Negative
18769	Positive
18770	Negative
18771	Positive
18772	Positive
18773	Positive
18774	Negative
18775	Positive
18776	Positive
18777	Positive
18778	Positive
18779	Positive
18780	Positive
18781	Negative
18782	Positive
18783	Negative
18784	Negative
18785	Positive
18786	Negative
18787	Positive
18788	Positive
18789	Positive
18790	Positive
18791	Positive
18792	Positive
18793	Negative
18794	Positive
18795	Positive
18796	Positive
18797	Positive
18798	Positive
18799	Positive
18800	Positive
18801	Negative
18802	Negative
18803	Negative
18804	Negative
18805	Positive
18806	Negative
18807	Positive
18808	Negative
18809	Positive
18810	Negative
18811	Negative
18812	Negative
18813	Negative
18814	Negative
18815	Positive
18816	Negative
18817	Negative
18818	Positive
18819	Negative
18820	Negative
18821	Positive
18822	Negative
18823	Negative
18824	Negative
18825	Negative
18826	Positive
18827	Positive
18828	Positive
18829	Positive
18830	Negative
18831	Negative
18832	Negative
18833	Negative
18834	Positive
18835	Positive
18836	Positive
18837	Positive
18838	Negative
18839	Positive
18840	Positive
18841	Positive
18842	Negative
18843	Positive
18844	Negative
18845	Positive
18846	Negative
18847	Positive
18848	Positive
18849	Positive
18850	Negative
18851	Positive
18852	Positive
18853	Positive
18854	Positive
18855	Positive
18856	Positive
18857	Positive
18858	Positive
18859	Positive
18860	Negative
18861	Negative
18862	Negative
18863	Positive
18864	Positive
18865	Positive
18866	Negative
18867	Negative
18868	Positive
18869	Positive
18870	Positive
18871	Positive
18872	Positive
18873	Positive
18874	Negative
18875	Negative
18876	Negative
18877	Negative
18878	Positive
18879	Positive
18880	Positive
18881	Negative
18882	Negative
18883	Positive
18884	Negative
18885	Positive
18886	Negative
18887	Positive
18888	Negative
18889	Positive
18890	Negative
18891	Negative
18892	Positive
18893	Positive
18894	Negative
18895	Positive
18896	Positive
18897	Positive
18898	Positive
18899	Positive
18900	Negative
18901	Positive
18902	Positive
18903	Positive
18904	Positive
18905	Negative
18906	Negative
18907	Positive
18908	Positive
18909	Negative
18910	Positive
18911	Positive
18912	Negative
18913	Positive
18914	Positive
18915	Negative
18916	Positive
18917	Positive
18918	Positive
18919	Positive
18920	Positive
18921	Positive
18922	Positive
18923	Positive
18924	Positive
18925	Negative
18926	Positive
18927	Negative
18928	Positive
18929	Positive
18930	Positive
18931	Negative
18932	Positive
18933	Positive
18934	Positive
18935	Positive
18936	Negative
18937	Negative
18938	Positive
18939	Positive
18940	Positive
18941	Negative
18942	Positive
18943	Positive
18944	Positive
18945	Positive
18946	Negative
18947	Negative
18948	Negative
18949	Negative
18950	Negative
18951	Positive
18952	Positive
18953	Positive
18954	Positive
18955	Negative
18956	Positive
18957	Negative
18958	Negative
18959	Positive
18960	Positive
18961	Positive
18962	Positive
18963	Positive
18964	Positive
18965	Positive
18966	Negative
18967	Positive
18968	Negative
18969	Negative
18970	Negative
18971	Positive
18972	Positive
18973	Positive
18974	Negative
18975	Positive
18976	Negative
18977	Negative
18978	Negative
18979	Negative
18980	Positive
18981	Positive
18982	Positive
18983	Negative
18984	Positive
18985	Negative
18986	Positive
18987	Positive
18988	Negative
18989	Positive
18990	Positive
18991	Positive
18992	Negative
18993	Positive
18994	Negative
18995	Positive
18996	Positive
18997	Negative
18998	Negative
18999	Positive
19000	Negative
19001	Negative
19002	Negative
19003	Positive
19004	Positive
19005	Positive
19006	Negative
19007	Negative
19008	Negative
19009	Positive
19010	Negative
19011	Positive
19012	Negative
19013	Negative
19014	Positive
19015	Positive
19016	Negative
19017	Positive
19018	Positive
19019	Positive
19020	Positive
19021	Positive
19022	Negative
19023	Positive
19024	Positive
19025	Positive
19026	Positive
19027	Positive
19028	Negative
19029	Positive
19030	Negative
19031	Negative
19032	Positive
19033	Positive
19034	Positive
19035	Positive
19036	Negative
19037	Positive
19038	Negative
19039	Positive
19040	Positive
19041	Negative
19042	Positive
19043	Positive
19044	Negative
19045	Positive
19046	Negative
19047	Positive
19048	Positive
19049	Negative
19050	Negative
19051	Positive
19052	Negative
19053	Positive
19054	Negative
19055	Negative
19056	Positive
19057	Positive
19058	Positive
19059	Positive
19060	Negative
19061	Positive
19062	Positive
19063	Negative
19064	Positive
19065	Positive
19066	Positive
19067	Positive
19068	Positive
19069	Negative
19070	Negative
19071	Positive
19072	Negative
19073	Positive
19074	Positive
19075	Negative
19076	Positive
19077	Negative
19078	Negative
19079	Positive
19080	Positive
19081	Positive
19082	Negative
19083	Negative
19084	Positive
19085	Positive
19086	Positive
19087	Positive
19088	Negative
19089	Positive
19090	Negative
19091	Negative
19092	Positive
19093	Negative
19094	Negative
19095	Positive
19096	Positive
19097	Positive
19098	Negative
19099	Positive
19100	Positive
19101	Negative
19102	Negative
19103	Negative
19104	Negative
19105	Negative
19106	Positive
19107	Positive
19108	Positive
19109	Negative
19110	Positive
19111	Negative
19112	Negative
19113	Positive
19114	Negative
19115	Positive
19116	Positive
19117	Positive
19118	Positive
19119	Positive
19120	Positive
19121	Negative
19122	Positive
19123	Negative
19124	Negative
19125	Negative
19126	Positive
19127	Negative
19128	Positive
19129	Positive
19130	Negative
19131	Negative
19132	Negative
19133	Positive
19134	Negative
19135	Positive
19136	Positive
19137	Negative
19138	Negative
19139	Positive
19140	Positive
19141	Negative
19142	Positive
19143	Positive
19144	Positive
19145	Negative
19146	Positive
19147	Negative
19148	Positive
19149	Positive
19150	Positive
19151	Negative
19152	Positive
19153	Positive
19154	Positive
19155	Positive
19156	Positive
19157	Negative
19158	Positive
19159	Positive
19160	Negative
19161	Positive
19162	Positive
19163	Positive
19164	Positive
19165	Positive
19166	Positive
19167	Positive
19168	Positive
19169	Negative
19170	Negative
19171	Positive
19172	Positive
19173	Positive
19174	Negative
19175	Negative
19176	Positive
19177	Negative
19178	Negative
19179	Negative
19180	Negative
19181	Positive
19182	Negative
19183	Positive
19184	Negative
19185	Negative
19186	Positive
19187	Negative
19188	Negative
19189	Negative
19190	Positive
19191	Positive
19192	Positive
19193	Negative
19194	Positive
19195	Negative
19196	Positive
19197	Negative
19198	Positive
19199	Positive
19200	Negative
19201	Negative
19202	Negative
19203	Negative
19204	Positive
19205	Positive
19206	Negative
19207	Negative
19208	Positive
19209	Positive
19210	Positive
19211	Negative
19212	Negative
19213	Negative
19214	Negative
19215	Positive
19216	Positive
19217	Negative
19218	Negative
19219	Positive
19220	Negative
19221	Negative
19222	Negative
19223	Negative
19224	Positive
19225	Positive
19226	Positive
19227	Positive
19228	Negative
19229	Negative
19230	Negative
19231	Positive
19232	Negative
19233	Positive
19234	Negative
19235	Positive
19236	Positive
19237	Positive
19238	Positive
19239	Positive
19240	Positive
19241	Positive
19242	Positive
19243	Positive
19244	Positive
19245	Positive
19246	Positive
19247	Negative
19248	Negative
19249	Positive
19250	Negative
19251	Negative
19252	Positive
19253	Negative
19254	Negative
19255	Negative
19256	Positive
19257	Negative
19258	Positive
19259	Negative
19260	Negative
19261	Positive
19262	Negative
19263	Positive
19264	Negative
19265	Positive
19266	Positive
19267	Negative
19268	Negative
19269	Negative
19270	Positive
19271	Positive
19272	Negative
19273	Negative
19274	Positive
19275	Positive
19276	Positive
19277	Negative
19278	Negative
19279	Positive
19280	Negative
19281	Negative
19282	Positive
19283	Positive
19284	Negative
19285	Positive
19286	Negative
19287	Negative
19288	Positive
19289	Positive
19290	Positive
19291	Positive
19292	Positive
19293	Negative
19294	Positive
19295	Negative
19296	Positive
19297	Positive
19298	Negative
19299	Positive
19300	Negative
19301	Negative
19302	Negative
19303	Negative
19304	Positive
19305	Negative
19306	Positive
19307	Negative
19308	Negative
19309	Negative
19310	Positive
19311	Positive
19312	Positive
19313	Negative
19314	Positive
19315	Negative
19316	Negative
19317	Negative
19318	Negative
19319	Positive
19320	Positive
19321	Positive
19322	Negative
19323	Positive
19324	Positive
19325	Positive
19326	Negative
19327	Negative
19328	Negative
19329	Positive
19330	Positive
19331	Positive
19332	Positive
19333	Positive
19334	Positive
19335	Negative
19336	Positive
19337	Positive
19338	Positive
19339	Negative
19340	Negative
19341	Positive
19342	Positive
19343	Negative
19344	Negative
19345	Negative
19346	Negative
19347	Negative
19348	Negative
19349	Positive
19350	Negative
19351	Negative
19352	Negative
19353	Positive
19354	Positive
19355	Positive
19356	Negative
19357	Negative
19358	Positive
19359	Negative
19360	Negative
19361	Positive
19362	Negative
19363	Negative
19364	Negative
19365	Positive
19366	Positive
19367	Negative
19368	Positive
19369	Positive
19370	Negative
19371	Positive
19372	Negative
19373	Negative
19374	Positive
19375	Negative
19376	Positive
19377	Positive
19378	Negative
19379	Positive
19380	Positive
19381	Negative
19382	Negative
19383	Negative
19384	Negative
19385	Positive
19386	Negative
19387	Negative
19388	Positive
19389	Positive
19390	Positive
19391	Positive
19392	Positive
19393	Negative
19394	Positive
19395	Negative
19396	Positive
19397	Negative
19398	Negative
19399	Positive
19400	Positive
19401	Positive
19402	Positive
19403	Positive
19404	Negative
19405	Positive
19406	Negative
19407	Negative
19408	Negative
19409	Positive
19410	Positive
19411	Negative
19412	Positive
19413	Negative
19414	Positive
19415	Negative
19416	Positive
19417	Negative
19418	Positive
19419	Negative
19420	Negative
19421	Negative
19422	Positive
19423	Negative
19424	Positive
19425	Positive
19426	Negative
19427	Positive
19428	Positive
19429	Negative
19430	Negative
19431	Positive
19432	Positive
19433	Negative
19434	Negative
19435	Positive
19436	Positive
19437	Positive
19438	Negative
19439	Positive
19440	Negative
19441	Positive
19442	Negative
19443	Negative
19444	Negative
19445	Positive
19446	Negative
19447	Negative
19448	Negative
19449	Positive
19450	Negative
19451	Positive
19452	Positive
19453	Negative
19454	Negative
19455	Negative
19456	Positive
19457	Positive
19458	Negative
19459	Positive
19460	Negative
19461	Negative
19462	Positive
19463	Negative
19464	Negative
19465	Positive
19466	Positive
19467	Negative
19468	Negative
19469	Negative
19470	Negative
19471	Negative
19472	Positive
19473	Negative
19474	Negative
19475	Negative
19476	Negative
19477	Positive
19478	Positive
19479	Negative
19480	Negative
19481	Negative
19482	Negative
19483	Negative
19484	Negative
19485	Positive
19486	Negative
19487	Positive
19488	Positive
19489	Positive
19490	Positive
19491	Positive
19492	Negative
19493	Positive
19494	Positive
19495	Negative
19496	Negative
19497	Positive
19498	Negative
19499	Positive
19500	Positive
19501	Positive
19502	Negative
19503	Positive
19504	Positive
19505	Positive
19506	Negative
19507	Positive
19508	Positive
19509	Positive
19510	Negative
19511	Positive
19512	Negative
19513	Positive
19514	Negative
19515	Positive
19516	Positive
19517	Negative
19518	Positive
19519	Positive
19520	Negative
19521	Negative
19522	Negative
19523	Negative
19524	Negative
19525	Negative
19526	Positive
19527	Positive
19528	Negative
19529	Positive
19530	Negative
19531	Negative
19532	Positive
19533	Negative
19534	Negative
19535	Positive
19536	Negative
19537	Negative
19538	Negative
19539	Positive
19540	Positive
19541	Negative
19542	Negative
19543	Positive
19544	Positive
19545	Negative
19546	Positive
19547	Negative
19548	Positive
19549	Positive
19550	Negative
19551	Positive
19552	Positive
19553	Positive
19554	Negative
19555	Positive
19556	Negative
19557	Positive
19558	Positive
19559	Negative
19560	Negative
19561	Negative
19562	Positive
19563	Negative
19564	Positive
19565	Positive
19566	Negative
19567	Negative
19568	Positive
19569	Negative
19570	Positive
19571	Positive
19572	Negative
19573	Negative
19574	Positive
19575	Positive
19576	Positive
19577	Negative
19578	Negative
19579	Negative
19580	Negative
19581	Negative
19582	Positive
19583	Positive
19584	Positive
19585	Negative
19586	Positive
19587	Positive
19588	Positive
19589	Positive
19590	Positive
19591	Positive
19592	Negative
19593	Positive
19594	Positive
19595	Negative
19596	Positive
19597	Negative
19598	Negative
19599	Negative
19600	Positive
19601	Negative
19602	Positive
19603	Negative
19604	Positive
19605	Positive
19606	Positive
19607	Positive
19608	Negative
19609	Positive
19610	Negative
19611	Negative
19612	Negative
19613	Negative
19614	Positive
19615	Negative
19616	Negative
19617	Positive
19618	Negative
19619	Negative
19620	Positive
19621	Positive
19622	Positive
19623	Positive
19624	Negative
19625	Positive
19626	Positive
19627	Positive
19628	Positive
19629	Negative
19630	Negative
19631	Positive
19632	Positive
19633	Negative
19634	Positive
19635	Negative
19636	Positive
19637	Positive
19638	Positive
19639	Negative
19640	Positive
19641	Negative
19642	Positive
19643	Negative
19644	Positive
19645	Negative
19646	Negative
19647	Positive
19648	Positive
19649	Positive
19650	Negative
19651	Negative
19652	Positive
19653	Negative
19654	Negative
19655	Positive
19656	Positive
19657	Positive
19658	Positive
19659	Negative
19660	Positive
19661	Negative
19662	Negative
19663	Positive
19664	Negative
19665	Positive
19666	Positive
19667	Positive
19668	Positive
19669	Negative
19670	Positive
19671	Positive
19672	Positive
19673	Positive
19674	Positive
19675	Positive
19676	Positive
19677	Positive
19678	Negative
19679	Negative
19680	Positive
19681	Negative
19682	Negative
19683	Positive
19684	Positive
19685	Positive
19686	Positive
19687	Negative
19688	Positive
19689	Positive
19690	Positive
19691	Positive
19692	Positive
19693	Negative
19694	Positive
19695	Negative
19696	Positive
19697	Negative
19698	Negative
19699	Positive
19700	Positive
19701	Negative
19702	Negative
19703	Positive
19704	Negative
19705	Positive
19706	Positive
19707	Negative
19708	Negative
19709	Positive
19710	Negative
19711	Positive
19712	Positive
19713	Negative
19714	Positive
19715	Negative
19716	Negative
19717	Positive
19718	Negative
19719	Negative
19720	Negative
19721	Negative
19722	Positive
19723	Positive
19724	Positive
19725	Negative
19726	Positive
19727	Positive
19728	Positive
19729	Negative
19730	Negative
19731	Negative
19732	Negative
19733	Positive
19734	Positive
19735	Negative
19736	Positive
19737	Negative
19738	Negative
19739	Negative
19740	Positive
19741	Positive
19742	Positive
19743	Negative
19744	Negative
19745	Positive
19746	Negative
19747	Positive
19748	Negative
19749	Negative
19750	Negative
19751	Positive
19752	Positive
19753	Positive
19754	Negative
19755	Positive
19756	Positive
19757	Positive
19758	Negative
19759	Positive
19760	Positive
19761	Positive
19762	Positive
19763	Positive
19764	Negative
19765	Positive
19766	Positive
19767	Negative
19768	Positive
19769	Positive
19770	Positive
19771	Negative
19772	Negative
19773	Negative
19774	Negative
19775	Positive
19776	Negative
19777	Negative
19778	Negative
19779	Positive
19780	Positive
19781	Positive
19782	Positive
19783	Negative
19784	Positive
19785	Negative
19786	Negative
19787	Positive
19788	Positive
19789	Positive
19790	Negative
19791	Negative
19792	Positive
19793	Negative
19794	Positive
19795	Negative
19796	Negative
19797	Negative
19798	Positive
19799	Positive
19800	Negative
19801	Positive
19802	Negative
19803	Negative
19804	Negative
19805	Positive
19806	Negative
19807	Negative
19808	Positive
19809	Negative
19810	Negative
19811	Positive
19812	Positive
19813	Positive
19814	Positive
19815	Positive
19816	Negative
19817	Positive
19818	Positive
19819	Positive
19820	Negative
19821	Positive
19822	Positive
19823	Positive
19824	Positive
19825	Positive
19826	Negative
19827	Positive
19828	Negative
19829	Positive
19830	Positive
19831	Positive
19832	Negative
19833	Negative
19834	Negative
19835	Negative
19836	Positive
19837	Positive
19838	Negative
19839	Positive
19840	Negative
19841	Positive
19842	Negative
19843	Negative
19844	Positive
19845	Negative
19846	Positive
19847	Positive
19848	Positive
19849	Positive
19850	Negative
19851	Positive
19852	Positive
19853	Negative
19854	Negative
19855	Positive
19856	Positive
19857	Positive
19858	Positive
19859	Negative
19860	Positive
19861	Negative
19862	Negative
19863	Negative
19864	Positive
19865	Negative
19866	Negative
19867	Positive
19868	Positive
19869	Negative
19870	Positive
19871	Positive
19872	Positive
19873	Negative
19874	Negative
19875	Positive
19876	Negative
19877	Positive
19878	Negative
19879	Negative
19880	Positive
19881	Positive
19882	Negative
19883	Negative
19884	Negative
19885	Negative
19886	Negative
19887	Negative
19888	Negative
19889	Negative
19890	Positive
19891	Positive
19892	Positive
19893	Negative
19894	Positive
19895	Negative
19896	Negative
19897	Negative
19898	Negative
19899	Negative
19900	Positive
19901	Positive
19902	Positive
19903	Negative
19904	Positive
19905	Negative
19906	Negative
19907	Negative
19908	Positive
19909	Positive
19910	Positive
19911	Negative
19912	Positive
19913	Negative
19914	Positive
19915	Negative
19916	Positive
19917	Positive
19918	Positive
19919	Positive
19920	Negative
19921	Positive
19922	Negative
19923	Negative
19924	Negative
19925	Positive
19926	Positive
19927	Positive
19928	Positive
19929	Negative
19930	Positive
19931	Negative
19932	Negative
19933	Positive
19934	Positive
19935	Negative
19936	Negative
19937	Positive
19938	Positive
19939	Positive
19940	Negative
19941	Positive
19942	Negative
19943	Positive
19944	Negative
19945	Positive
19946	Negative
19947	Negative
19948	Negative
19949	Negative
19950	Positive
19951	Negative
19952	Positive
19953	Positive
19954	Positive
19955	Negative
19956	Positive
19957	Positive
19958	Positive
19959	Positive
19960	Negative
19961	Positive
19962	Negative
19963	Positive
19964	Negative
19965	Positive
19966	Negative
19967	Positive
19968	Negative
19969	Negative
19970	Negative
19971	Positive
19972	Negative
19973	Positive
19974	Negative
19975	Positive
19976	Positive
19977	Positive
19978	Positive
19979	Positive
19980	Positive
19981	Positive
19982	Negative
19983	Positive
19984	Positive
19985	Positive
19986	Negative
19987	Positive
19988	Negative
19989	Negative
19990	Positive
19991	Negative
19992	Positive
19993	Negative
19994	Positive
19995	Negative
19996	Positive
19997	Positive
19998	Positive
